nt,Ladder,raiA_02
10932.016663770684,0.2601893,0.1109181
10909.856599306826,0.254304,0.1148401
10887.709826299653,0.2549947,0.1176467
10865.576378477614,0.2365559,0.1430414
10843.45628960443,0.2196364,0.159292
10821.349593479123,0.2262761,0.1870384
10799.256323935879,0.2608926,0.1904922
10777.176514844032,0.2906795,0.1771149
10755.110200107949,0.2955463,0.1647988
10733.057413666897,0.2940076,0.145907
10711.0181894951,0.2868488,0.133939
10688.992561601503,0.2846632,0.1302837
10666.980564029769,0.2762457,0.1168885
10644.9822308582,0.2727622,0.1177964
10622.997596199675,0.2572884,0.10041
10601.026694201415,0.2426303,0.07587739
10579.06955904511,0.2386481,0.07256619
10557.126224946729,0.2677822,0.07709674
10535.196726156366,0.2874919,0.09904265
10513.281096958272,0.311882,0.1487534
10491.379371670708,0.3338648,0.175767
10469.491584645875,0.3429405,0.1825541
10447.61777026977,0.3559591,0.1647486
10425.757962962156,0.3918245,0.1438816
10403.912197176458,0.4048739,0.1308999
10382.080507399625,0.3785349,0.1094076
10360.262928152133,0.3314023,0.1261087
10338.459493987766,0.3049262,0.1612851
10316.670239493593,0.302729,0.1631826
10294.895199289893,0.2926049,0.160233
10273.134408029982,0.2937346,0.1422279
10251.387900400201,0.2829426,0.1576449
10229.65571111972,0.2482008,0.156737
10207.937874940542,0.2137703,0.1465669
10186.234426647326,0.2315197,0.1605077
10164.545401057305,0.2399774,0.1602266
10142.870833020195,0.2652001,0.1723694
10121.210757418068,0.2952894,0.1965378
10099.56520916531,0.3188882,0.1925394
10077.934223208407,0.3526058,0.191681
10056.31783452599,0.3996163,0.1665863
10034.716078128515,0.4082284,0.145238
10013.128989058365,0.3949547,0.1309085
9991.556602389652,0.3587498,0.112434
9969.998953228076,0.3266024,0.1115951
9948.456076710887,0.3051114,0.08981363
9926.928008006702,0.2999127,0.08373916
9905.414782315429,0.3035735,0.1123624
9883.916434868153,0.3054751,0.09838049
9862.433000927032,0.2952766,0.1177673
9840.964515785152,0.2924006,0.1297961
9819.511014766425,0.2859085,0.1409571
9798.072533225457,0.2722647,0.1661323
9776.649106547493,0.2743341,0.2179727
9755.240770148212,0.26452,0.2599552
9733.847559473628,0.2769965,0.264201
9712.469510000019,0.2822212,0.2287026
9691.106657233759,0.2928662,0.2088056
9669.75903671122,0.2952852,0.1575346
9648.426683998594,0.2867084,0.1155472
9627.109634691842,0.2773312,0.09471981
9605.807924416536,0.2911914,0.08176572
9584.521588827716,0.3122222,0.06939482
9563.250663609759,0.3471773,0.07964861
9541.995184476302,0.3440464,0.1084063
9520.755187170053,0.31082,0.1453928
9499.53070746272,0.2676509,0.1632607
9478.321781154751,0.2277596,0.1611996
9457.12844407539,0.2237595,0.1543577
9435.950732082418,0.2466862,0.1638766
9414.788681062002,0.2753301,0.1778265
9393.64232692864,0.2894122,0.1666142
9372.511705624986,0.2768359,0.1458944
9351.396853121674,0.2639003,0.1326521
9330.297805417269,0.2637087,0.1117292
9309.21459853802,0.2856963,0.1151467
9288.147268537801,0.3122904,0.1064284
9267.095851497907,0.3331215,0.1002406
9246.060383526996,0.347804,0.07396165
9225.040900760847,0.3403015,0.05350382
9204.037439362253,0.3474089,0.06200933
9183.050035520895,0.377647,0.07096443
9162.078725453155,0.4328834,0.07897601
9141.123545402033,0.4707015,0.09011994
9120.18453163691,0.4795053,0.0843953
9099.261720453434,0.4696923,0.09870332
9078.355148173421,0.4420618,0.09117197
9057.464851144585,0.4089758,0.1063199
9036.590865740507,0.3820533,0.108478
9015.733228360408,0.3671838,0.1052138
8994.891975428975,0.364641,0.1120074
8974.067143396296,0.34218,0.101172
8953.258768737578,0.3388298,0.08861025
8932.466887953091,0.3431205,0.07712236
8911.691537567945,0.3548864,0.05463293
8890.93275413193,0.3609176,0.05836085
8870.19057421943,0.3743208,0.07304495
8849.465034429119,0.388453,0.09585126
8828.756171383911,0.3718846,0.115269
8808.064021730763,0.3264888,0.117146
8787.38862214049,0.2946385,0.09104971
8766.730009307576,0.2797835,0.08181807
8746.088219950074,0.284361,0.07401267
8725.463290809363,0.3123886,0.06452735
8704.85525865,0.3436324,0.06664354
8684.264160259541,0.3614552,0.05085721
8663.690032448414,0.3690449,0.04731034
8643.132912049636,0.3664474,0.06045718
8622.592835918746,0.3725387,0.068427
8602.06984093357,0.3702427,0.07696897
8581.563963994033,0.3648119,0.0492258
8561.075242022003,0.3707959,0.04937992
8540.603711961088,0.372868,0.0623406
8520.149410776477,0.376752,0.06723625
8499.712375454728,0.3727868,0.07640621
8479.292643003582,0.3544958,0.08229079
8458.890250451814,0.3364881,0.07575449
8438.505234848968,0.3215702,0.07013527
8418.137633265262,0.3448133,0.06621356
8397.787482791324,0.3184498,0.08865416
8377.454820538003,0.2985578,0.08934804
8357.139683636231,0.3859376,0.08224989
8336.84210923677,0.5126967,0.0829289
8316.562134510015,0.6413286,0.08981931
8296.29979664585,0.714862,0.08613381
8276.055132853378,0.711729,0.07129215
8255.828180360786,0.6316124,0.05637712
8235.618976415097,0.4769349,0.04132803
8215.427558281974,0.4413022,0.03161356
8195.253963245523,0.5283263,0.04618387
8175.09822860812,0.5699545,0.0753672
8154.960391690098,0.5830997,0.07513483
8134.840489829684,0.5560393,0.07648268
8114.738560382644,0.5117429,0.0603756
8094.654640722224,0.4788059,0.03718404
8074.588768238759,0.4536233,0.02955696
8054.540980339618,0.4347679,0.03786374
8034.511314448892,0.4131811,0.05253622
8014.499808007237,0.3952594,0.05082981
7994.506498471584,0.3736425,0.06237359
7974.531423314984,0.3574124,0.07736013
7954.574620026378,0.3764721,0.08757851
7934.636126110339,0.404512,0.1156612
7914.715979086851,0.4310643,0.1485443
7894.814216491135,0.4452329,0.1726571
7874.930875873378,0.4580587,0.183385
7855.065994798488,0.4638767,0.1805428
7835.219610845933,0.4546862,0.1782945
7815.391761609427,0.4374711,0.1643702
7795.582484696761,0.4250251,0.1690734
7775.79181772952,0.4010119,0.1946645
7756.019798342894,0.3985329,0.2242542
7736.266464185399,0.4058849,0.2392096
7716.531852918666,0.4249943,0.2412818
7696.816002217205,0.4493385,0.2439298
7677.118949768122,0.4783432,0.2424954
7657.440733270921,0.4947626,0.2369768
7637.781390437224,0.5029293,0.2436461
7618.140958990574,0.5271891,0.2420007
7598.519476666144,0.5493146,0.2221401
7578.916981210463,0.5600699,0.1751546
7559.333510381267,0.5687082,0.138756
7539.769101947123,0.5630302,0.1149244
7520.223793687264,0.5579786,0.1142484
7500.697623391305,0.5631015,0.131665
7481.190628858961,0.5911877,0.147313
7461.702847899853,0.6405464,0.1629649
7442.234318333158,0.6681319,0.1449845
7422.785077987427,0.6806018,0.1182941
7403.355164700291,0.6940126,0.09419443
7383.944616318197,0.7364333,0.07417886
7364.5534706961325,0.799736,0.07758434
7345.181765697359,0.8816603,0.07049288
7325.82953919316,0.9468572,0.06232027
7306.496829062585,1.007614,0.06080882
7287.183673192123,1.037307,0.03347877
7267.890109475445,1.097364,0.02649437
7248.616175813165,1.169363,0.03002307
7229.361910112553,1.24353,0.05606921
7210.127350287191,1.258529,0.09609977
7190.912534256805,1.318954,0.105685
7171.717499946862,1.421021,0.1000451
7152.542285288382,1.56363,0.09317484
7133.386928217594,1.692534,0.08216224
7114.251466675671,1.832384,0.08040087
7095.135938608464,1.914452,0.06351671
7076.040381966145,1.943861,0.06165759
7056.964834702996,2.001317,0.05939022
7037.909334777054,2.1809,0.05562659
7018.873920149825,2.313853,0.07037051
6999.858628786023,2.499731,0.0870003
6980.863498653243,2.676181,0.08689097
6961.888567721643,2.870801,0.08513486
6942.933873963686,3.046688,0.07493974
6923.999455353798,3.196803,0.06057553
6905.085349868066,3.307884,0.05939029
6886.19159548396,3.467809,0.07838644
6867.318230179992,3.657408,0.09130628
6848.4652919354285,4.030269,0.09501523
6829.632818729945,4.421582,0.09775543
6810.820848543356,4.759091,0.09471343
6792.029419355233,5.074523,0.07402843
6773.258569144695,5.293632,0.05928645
6754.5083358899565,5.558627,0.06169003
6735.778757568102,5.954283,0.069444
6717.069872154742,6.342194,0.0676684
6698.381717623628,6.67195,0.06502562
6679.714331946435,6.831809,0.06963386
6661.067753092334,6.945024,0.0747247
6642.442019027723,7.134585,0.07466853
6623.837167715823,7.378661,0.06423881
6605.253237116442,7.737736,0.06500608
6586.6902651855835,8.170935,0.07536767
6568.14828987508,8.539539,0.08697085
6549.62734913231,8.862445,0.08385203
6531.127480899848,9.135523,0.08053593
6512.6487231150395,9.36096,0.07418773
6494.191113709826,9.509343,0.0725529
6475.754690610194,9.613329,0.07934355
6457.339491735986,9.695344,0.08980841
6438.945555000454,9.815679,0.09265113
6420.572918309959,9.879264,0.0991864
6402.221619563609,10.0528,0.1052545
6383.891696652854,10.17947,0.1258251
6365.583187461217,10.22374,0.1456873
6347.296129863818,10.08333,0.1682642
6329.030561727138,9.990827,0.1522508
6310.786520908545,9.897355,0.1104723
6292.564045255999,9.784053,0.07657264
6274.363172607664,9.763878,0.06318048
6256.183940791502,9.819918,0.0732578
6238.026387624966,9.71672,0.08446696
6219.890550914565,9.61962,0.09633817
6201.776468455542,9.545209,0.09765945
6183.684178031439,9.488782,0.06960756
6165.613717413774,9.32434,0.06221939
6147.565124361601,9.05059,0.07559655
6129.538436621187,8.792279,0.08853906
6111.533691925587,8.484431,0.08642177
6093.550927994261,8.25388,0.07178292
6075.590182532685,8.190295,0.07019724
6057.651493231979,8.062755,0.07111252
6039.734897768466,7.885495,0.06132245
6021.840433803329,7.767338,0.0616835
6003.968138982203,7.628545,0.06015882
5986.118050934728,7.487096,0.05913687
5968.290207274197,7.310381,0.06474539
5950.484645597157,7.100846,0.08164518
5932.701403482944,6.869776,0.1015728
5914.940518493347,6.550628,0.1029572
5897.202028172136,6.302176,0.07541597
5879.485970044698,6.081143,0.05099582
5861.792381617586,5.81693,0.03692014
5844.1213003781395,5.526448,0.03295989
5826.472763794019,5.140543,0.03075883
5808.846809312831,4.703027,0.02853117
5791.243474361668,4.371694,0.02671555
5773.662796346734,4.148152,0.02833132
5756.104812652836,4.014174,0.03309099
5738.5695606430445,3.895256,0.04211518
5721.057077658197,3.756244,0.06481275
5703.567401016504,3.612875,0.09708121
5686.100568013082,3.435869,0.1132966
5668.656615919537,3.281792,0.11439
5651.235581983552,3.139419,0.1108021
5633.83750342836,2.925786,0.1125682
5616.462417452379,2.680723,0.1101455
5599.110361228743,2.500973,0.0943122
5581.781371904854,2.423043,0.09165939
5564.475486601902,2.398348,0.0962204
5547.192742414464,2.373124,0.09869012
5529.933176410013,2.352238,0.1181521
5512.696825628461,2.273332,0.1293886
5495.483727081717,2.12236,0.1258503
5478.293917753237,2.013039,0.1191406
5461.127434597512,1.974852,0.1066792
5443.984314539627,1.930594,0.09499804
5426.864594474829,1.848568,0.09010033
5409.76831126799,1.764347,0.08636094
5392.695501753192,1.697052,0.07394803
5375.646202733216,1.640594,0.06327765
5358.620450979082,1.615792,0.06249449
5341.618283229563,1.614942,0.07460847
5324.639736190697,1.585031,0.09069885
5307.684846535329,1.541245,0.09628309
5290.753650902589,1.51177,0.1057719
5273.846185897424,1.471094,0.1158858
5256.962488090119,1.409344,0.1146922
5240.102594015774,1.360221,0.1149996
5223.266540173832,1.307472,0.1113742
5206.454363027563,1.280542,0.1189541
5189.666099003586,1.312401,0.1207263
5172.901784491352,1.36315,0.1157142
5156.161455842641,1.375541,0.1147973
5139.4451493710485,1.359367,0.1000592
5122.752901351513,1.354294,0.08201023
5106.084748019734,1.35807,0.07925456
5089.440725571737,1.337516,0.09679008
5072.820870163288,1.33951,0.1202806
5056.225217909453,1.364744,0.1429602
5039.6538048839775,1.327565,0.1658293
5023.106667118851,1.293581,0.1553395
5006.583840603749,1.286288,0.1216739
4990.085361285472,1.279955,0.1077168
4973.6112650674995,1.275881,0.1030471
4957.161587809351,1.245652,0.1108827
4940.736365326129,1.219779,0.121265
4924.335633387969,1.210098,0.1410901
4907.959427719474,1.207324,0.1567684
4891.607783999171,1.237458,0.1537837
4875.280737859021,1.276325,0.1493391
4858.978324883784,1.267416,0.1299878
4842.70058061056,1.264499,0.09057742
4826.447540528178,1.292596,0.07523406
4810.219240076653,1.318835,0.07819442
4794.015714646649,1.351728,0.09720085
4777.836999578887,1.384243,0.1144161
4761.683130163632,1.370245,0.1124876
4745.554141640067,1.315007,0.1043836
4729.450069195779,1.247216,0.09582061
4713.3709479661675,1.267609,0.1065343
4697.316813033875,1.3325,0.1309504
4681.28769942822,1.363763,0.1392598
4665.283642124601,1.381263,0.1317307
4649.30467604395,1.443194,0.1175379
4633.350836052123,1.491909,0.1005503
4617.422156959314,1.555518,0.09769045
4601.518673519521,1.633238,0.0947555
4585.640420429881,1.725672,0.09100925
4569.787432330131,1.772326,0.06881429
4553.95974380201,1.848798,0.03959628
4538.157389368625,1.990312,0.01340942
4522.380403493929,2.241572,-0.009647336
4506.628820582003,2.509356,-0.0106033
4490.902674976593,2.84576,0.01602414
4475.202000960383,3.218758,0.03645485
4459.526832754452,3.603955,0.06097951
4443.877204517668,4.010778,0.0760318
4428.253150346015,4.468426,0.0878676
4412.65470427205,4.943678,0.09125946
4397.081900264229,5.52394,0.08341552
4381.534772226305,6.124203,0.08457972
4366.013353996732,6.77701,0.08832322
4350.517679348003,7.508887,0.08037002
4335.047781986011,8.17738,0.07863668
4319.603695549472,8.817031,0.1009784
4304.1854536092405,9.482563,0.1209033
4288.7930896676935,10.17679,0.1128024
4273.426637158095,10.80963,0.1000951
4258.086129443942,11.37072,0.08392427
4242.7715998183485,11.9349,0.06982727
4227.483081503342,12.48281,0.05280938
4212.220607649302,13.02863,0.04352834
4196.984211334213,13.57493,0.05597334
4181.773925563078,14.14337,0.06313238
4166.589783267248,14.58261,0.06518014
4151.431817303727,14.75126,0.08556452
4136.300060454571,14.92039,0.09968595
4121.194545426168,14.93881,0.08990423
4106.115304848609,14.89374,0.06412926
4091.0623712750016,14.83518,0.04036343
4076.0357771807858,14.61333,0.03392134
4061.0355549631004,14.39575,0.04782295
4046.0617369400593,14.10125,0.08714648
4031.114355350108,13.80308,0.121323
4016.193442351312,13.65884,0.1282275
4001.299030020697,13.40328,0.08991361
3986.431150353548,12.99541,0.0573285
3971.58983526272,12.46775,0.03050796
3956.7751165779564,11.84859,0.02727213
3941.987026045175,11.16283,0.05606056
3927.225595325792,10.48493,0.0919821
3912.490855996,9.892628,0.1038159
3897.782839546082,9.328539,0.1032824
3883.1015773797,8.741242,0.09795107
3868.4471008131977,8.18115,0.1048614
3853.8194410748592,7.716842,0.1162881
3839.2186293042273,7.205307,0.1157115
3824.6446965513765,6.685317,0.1143362
3810.0976737762076,6.298509,0.1101983
3795.577591847697,6.001655,0.1359342
3781.084481543189,5.696534,0.1629921
3766.6183735476848,5.341399,0.2046845
3752.1792984530966,4.976412,0.2472036
3737.7672867575197,4.57754,0.2535831
3723.382368864505,4.170217,0.2113888
3709.024575082316,3.89193,0.1614385
3694.6939356231856,3.725168,0.1087883
3680.390480602585,3.554684,0.07973973
3666.1142400384697,3.384562,0.06471045
3651.865243850558,3.23557,0.08693738
3637.6435218595384,3.12621,0.1075076
3623.4491037863563,3.0117,0.1074113
3609.2820192514437,2.928162,0.1078138
3595.1422977739644,2.834335,0.1180243
3581.029968771056,2.704446,0.1235407
3566.9450615570577,2.569015,0.1227329
3552.8876053427584,2.481083,0.1229917
3538.857629234631,2.41418,0.1143431
3524.8551622340638,2.353703,0.0980643
3510.8802332365663,2.295489,0.06675299
3496.9328710310137,2.250395,0.05500078
3483.013104298869,2.234961,0.05310284
3469.120961613405,2.265144,0.0509599
3455.2564714389123,2.302575,0.06456449
3441.4196621299234,2.313737,0.07075057
3427.6105619304076,2.308694,0.0778819
3413.8291989730196,2.303555,0.07624127
3400.0756012782535,2.282342,0.06806453
3386.3497967536928,2.228691,0.06484479
3372.651813193203,2.193249,0.04581605
3358.9816782761086,2.173221,0.02604191
3345.339419566409,2.131415,0.02268028
3331.7250645119866,2.110114,0.04250156
3318.1386404437694,2.093439,0.07648493
3304.58017457494,2.036741,0.1096464
3291.0496940001126,1.994791,0.1271735
3277.5472256945354,1.986318,0.1366381
3264.0727965132523,1.991997,0.1154969
3250.6264331903035,2.004807,0.08078427
3237.2081623378604,2.008594,0.08564834
3223.818010445479,2.010755,0.09589823
3210.456003879182,2.004448,0.1035913
3197.1221688806972,1.995502,0.1041157
3183.816531566598,1.996241,0.09481125
3170.5391179274575,1.949932,0.09291487
3157.28995382703,1.874344,0.06449334
3144.069065001417,1.840554,0.04087778
3130.8764770582006,1.84612,0.03644063
3117.7122154756207,1.875612,0.02078222
3104.576305601705,1.918116,0.0244425
3091.4687726534567,1.963929,0.0261708
3078.3896417159604,1.970647,0.04797618
3065.3389377415633,1.915867,0.0590199
3052.3166855489853,1.857695,0.06523697
3039.32290982251,1.827238,0.06153222
3026.3576351110496,1.7908,0.0491867
3013.4208858273523,1.741509,0.04205807
3000.512686247106,1.731243,0.05609412
2987.6330605080634,1.769095,0.06238334
2974.782032609178,1.795076,0.08570465
2961.959626409747,1.777087,0.08423265
2949.165865628504,1.748109,0.08693499
2936.400773842777,1.752669,0.05978503
2923.664374487572,1.75993,0.04633965
2910.9566908547304,1.777737,0.07478898
2898.277746092005,1.81556,0.1161785
2885.6275632022175,1.842225,0.140371
2873.0061650423104,1.856111,0.1378818
2860.4135743225243,1.838713,0.1063805
2847.849813605448,1.80871,0.07260645
2835.314905305157,1.792308,0.02381217
2822.8088716863012,1.775865,0.02689557
2810.3317348632045,1.775074,0.0623662
2797.883516798978,1.781132,0.08330396
2785.464239304591,1.786602,0.07134099
2773.0739240379803,1.788198,0.05600979
2760.7125925031446,1.749095,0.06405994
2748.380266049225,1.716295,0.06204943
2736.0769658695917,1.676278,0.07168657
2723.8027130009405,1.667063,0.1024378
2711.5575283223698,1.653708,0.1383582
2699.341432554439,1.642429,0.1493587
2687.154446258295,1.620743,0.1369894
2674.996589834708,1.599115,0.1308107
2662.867883523163,1.569587,0.1137309
2650.768347400919,1.57254,0.09522732
2638.6980013821153,1.562733,0.1070707
2626.656865216801,1.587582,0.1235308
2614.6449584900024,1.624038,0.1216321
2602.6623006208306,1.657312,0.1208033
2590.708910861491,1.703579,0.1267248
2578.784808296389,1.706001,0.1290513
2566.8900118411498,1.656332,0.1124835
2555.024540241712,1.584049,0.102177
2543.1884120733503,1.528224,0.09350102
2531.381645739757,1.509555,0.06219285
2519.6042594720716,1.496424,0.05772143
2507.856271327948,1.492373,0.08731979
2496.137699190588,1.479313,0.1172926
2484.4485607677952,1.424983,0.1306436
2472.788873591014,1.385622,0.1189199
2461.1586550143907,1.389822,0.09038585
2449.55792221378,1.408655,0.05111735
2437.986692185828,1.430038,0.03272925
2426.4449817469576,1.414003,0.03625917
2414.932807532466,1.378532,0.03409361
2403.4501859954926,1.368652,0.06210403
2391.9971334061083,1.400951,0.1179233
2380.573665850314,1.429365,0.1540337
2369.179799229088,1.480003,0.196021
2357.8155492573846,1.490093,0.2060736
2346.4809314632093,1.506807,0.2064977
2335.1759611865928,1.505419,0.1665221
2323.9006535786493,1.514751,0.1226308
2312.655023600581,1.523863,0.09443284
2301.439086022702,1.524611,0.09396938
2290.2528554234673,1.516813,0.08801419
2279.0963461884694,1.527102,0.09867025
2267.969572509486,1.516106,0.09662628
2256.8725483834583,1.54339,0.09939725
2245.8052876115294,1.581195,0.06286321
2234.7678037980504,1.594906,0.04859139
2223.7601103495863,1.668741,0.04415598
2212.7822204739396,1.823526,0.03845098
2201.8341471791473,2.048307,0.0461183
2190.91590327248,2.359938,0.08564071
2180.0275013594674,2.850624,0.09757698
2169.1689538428914,3.542844,0.09516137
2158.3402729218024,4.410157,0.08731999
2147.5414705905005,5.5783,0.09396814
2136.772558637554,7.016148,0.06703585
2126.033548644804,8.650425,0.04605497
2115.3244519863433,10.59542,0.03379056
2104.6452798275354,12.60778,0.054218
2093.996043124004,14.5448,0.04200349
2083.376752620636,16.26285,0.05377118
2072.7874188505675,17.73598,0.06175596
2062.228052134187,18.98074,0.04343083
2051.698662578121,19.9354,0.02301767
2041.1992600742476,20.51321,0.02209526
2030.7298542986605,20.72195,0.04606119
2020.2904547106937,20.35801,0.06997471
2009.8810705518797,19.60526,0.06813864
1999.5017108449676,18.71261,0.08560899
1989.1523843928992,17.7225,0.09656366
1978.8330997778012,16.70559,0.1396503
1968.5438653599808,15.63844,0.184954
1958.2846892769044,14.3836,0.1992995
1948.0555794421912,13.05572,0.2051978
1937.8565435446012,11.68372,0.1524086
1927.6875890470183,10.3374,0.1035267
1917.5487231854502,9.026603,0.049083
1907.4399529679927,7.693394,0.03323329
1897.3612851738408,6.437129,0.0400326
1887.31272635226,5.273554,0.04010148
1877.294282821566,4.239131,0.03123132
1867.305960668136,3.411323,0.03801974
1857.3477657453634,2.828894,0.0388899
1847.4197036726691,2.389811,0.04988531
1837.5217798344727,2.038917,0.0439324
1827.653999379172,1.819149,0.05441348
1817.8163672181545,1.668072,0.0611435
1808.0088880247554,1.588159,0.04754261
1798.231566233261,1.581694,0.04924613
1788.484406037878,1.578415,0.08687722
1778.7674113917392,1.547034,0.08949211
1769.0805860058756,1.509997,0.08544435
1759.423933348207,1.455837,0.08702008
1749.7974566425346,1.416485,0.09009671
1740.201158867515,1.371284,0.06437959
1730.635042755664,1.381772,0.04314822
1721.09911079233,1.397753,0.04473042
1711.5933652146896,1.411257,0.02970401
1702.1178080107502,1.436231,0.01156892
1692.6724409183037,1.431599,0.01885039
1683.2572654239543,1.40469,0.03011376
1673.8722827620982,1.385861,0.03340564
1664.517493913899,1.368834,0.02212517
1655.1928996063098,1.377377,0.01266855
1645.8985003110363,1.365008,0.01218461
1636.634296243554,1.3356,0.01328149
1627.4002873620952,1.303897,0.01682157
1618.1964733666402,1.262368,0.02639367
1609.0228536979332,1.25838,0.03870225
1599.8794275364532,1.274198,0.03371434
1590.7661938014414,1.29644,0.03291006
1581.6831511498806,1.325001,0.03257917
1572.63029797551,1.319622,0.03602291
1563.6076324078283,1.321359,0.01926041
1554.6151523110893,1.330454,0.01918206
1545.6528552833222,1.32027,0.03403961
1536.7207386553227,1.32707,0.04500065
1527.8187994896814,1.34637,0.05900839
1518.94703457978,1.360704,0.05474325
1510.105440448809,1.362899,0.02961165
1501.2940133487868,1.344052,0.03786979
1492.512749259563,1.345757,0.02426634
1483.7616438878506,1.36005,0.05385131
1475.040692666242,1.375629,0.06405614
1466.349890752224,1.408847,0.06992293
1457.6892330272053,1.421824,0.05573418
1449.058714095553,1.398675,0.02928702
1440.458328283599,1.355678,0.01036782
1431.8880696386939,1.324729,0.02725007
1423.3479319282203,1.311387,0.02991123
1414.837908638638,1.321474,0.06003343
1406.357992974524,1.332515,0.06949127
1397.9081778575976,1.321958,0.08346038
1389.4884559257803,1.278226,0.07426123
1381.0988195322284,1.242128,0.06897506
1372.7392607443878,1.231969,0.07068888
1364.409771343037,1.227955,0.07818566
1356.110342821347,1.218031,0.05384552
1347.8409663839345,1.212508,0.02952817
1339.601632945917,1.185907,0.02353567
1331.3923331319806,1.132211,0.0269685
1323.2130572754438,1.091226,0.03124913
1315.0637954173205,1.06331,0.04698316
1306.944537305398,1.056424,0.05860782
1298.8552723933026,1.061558,0.04894468
1290.7959898395893,1.087441,0.02806891
1282.7666785068102,1.12573,0.01373564
1274.7673269606114,1.158216,0.02330598
1266.7979234688094,1.165387,0.03808855
1258.8584560004958,1.166905,0.05539156
1250.948912225118,1.166201,0.07126527
1243.069279511597,1.194293,0.07188366
1235.2195449274068,1.214169,0.05680252
1227.3996952377138,1.243349,0.04577618
1219.6097169044504,1.240523,0.05217071
1211.849596085462,1.206305,0.07489555
1204.1193186336116,1.167251,0.09548106
1196.4188700959005,1.165188,0.1056123
1188.748235712616,1.149675,0.07957295
1181.1074004164345,1.160289,0.06121669
1173.496348831586,1.166259,0.05910648
1165.9150652729775,1.172652,0.05577224
1158.3635337453477,1.1549,0.07227365
1150.841737942422,1.15504,0.07616782
1143.3496612460563,1.187289,0.07440849
1135.8872867254074,1.234609,0.05876572
1128.4545971361013,1.263893,0.04946695
1121.0515749193853,1.353517,0.05811322
1113.6782022013379,1.44974,0.05521613
1106.334460792014,1.578079,0.05058455
1099.0203321846545,1.761129,0.07620707
1091.7357975548762,2.036604,0.1159943
1084.480837759857,2.416646,0.142304
1077.25543333756,2.907083,0.1535014
1070.0595645059204,3.609624,0.1396536
1062.8932111620766,4.638265,0.106706
1055.7563528815842,6.047839,0.08996257
1048.6489689176412,7.901147,0.09410299
1041.5710382003313,10.29788,0.1166706
1034.5225393358503,13.29074,0.1281619
1027.5034506057536,17.14352,0.1167238
1020.5137499662221,22.09589,0.0974203
1013.5534150472964,28.1243,0.0960037
1006.622423152167,34.37254,0.111559
999.7207512564245,38.93011,0.1248801
992.8483760073515,39.63179,0.1430525
986.0052737232032,35.56234,0.1678573
979.1914203924952,27.52759,0.189384
972.4067916733122,18.0266,0.1854262
965.6513628926065,9.656248,0.1776666
958.925109045508,4.241125,0.1811843
952.2280047946639,1.901191,0.183736
945.5600244695398,1.315102,0.1914856
938.9211420657757,1.236137,0.219958
932.3113312445254,1.207068,0.2498152
925.7305653318018,1.226618,0.2477382
919.1788173178393,1.245661,0.2113245
912.6560598564639,1.222114,0.1960331
906.1622652644672,1.22151,0.194752
899.6974055209838,1.188601,0.1862552
893.2614522668905,1.120295,0.1676534
886.854376804203,1.062946,0.1380223
880.4761500954829,1.046115,0.1009389
874.1267427632628,1.058703,0.06042544
867.8061250894597,1.038573,0.05089449
861.5142670148166,1.034587,0.06870088
855.2511381383514,1.031975,0.07573224
849.0167077167982,1.018227,0.07734352
842.8109446640784,1.025966,0.08550954
836.633817550767,1.034778,0.1121129
830.4852946035763,1.051105,0.1526153
824.3653437048412,1.062383,0.2008759
818.2739323920268,1.050763,0.2201266
812.2110278572296,1.043656,0.2006139
806.1765969467024,1.000297,0.1685174
800.1706061603786,0.9488737,0.1494196
794.1930216514183,0.8959084,0.1372613
788.2438092257527,0.8767247,0.1361925
782.3229343416446,0.8984011,0.147092
776.4303621092611,0.9104056,0.146219
770.5660572902505,0.8878235,0.104043
764.7299842973384,0.8757727,0.07241843
758.9221071939278,0.8403757,0.06102172
753.1423896937112,0.8252815,0.04208487
747.3907951602971,0.8100002,0.01957082
741.6672866068449,0.8013328,0.0157767
735.9718266957109,0.8014616,0.03179472
730.3043777381072,0.7968734,0.03158888
724.6649016937712,0.7783173,0.01921016
719.0533601706451,0.7942864,0.03463929
713.4697144245738,0.807012,0.05046753
707.913925359005,0.8138951,0.05583078
702.3859535247094,0.7946736,0.05891777
696.8857591195074,0.7628604,0.04808439
691.4133019880136,0.7330317,0.03017653
685.9685416213866,0.6971667,0.01204283
680.5514371571012,0.6671744,0.01259006
675.1619473787198,0.6743085,0.04103275
669.8000307156931,0.6737694,0.06991532
664.4656452431566,0.6775643,0.0924058
659.1587486817559,0.6812841,0.1043872
653.8792983974703,0.6915489,0.09572944
648.6272514014638,0.6931434,0.08902679
643.4025643499396,0.6936199,0.08897439
638.2051935440086,0.7069765,0.09279329
633.035094929582,0.7219199,0.1022019
627.8922240972637,0.7199397,0.1125045
622.7765362822644,0.7383295,0.122631
617.6879863643322,0.7619151,0.1357687
612.6265288676877,0.7753841,0.1338634
607.5921179609829,0.7666733,0.12936
602.5847074572744,0.7560773,0.1337439
597.6042508139999,0.7598989,0.1454704
592.6507011329843,0.7664444,0.1649714
587.7240111604542,0.7787399,0.1820413
582.8241332870607,0.808224,0.1977639
577.9510195479293,0.8415285,0.2074401
573.1046216227213,0.8520535,0.2140673
568.2848908357025,0.8235582,0.2151791
563.4917781558395,0.8020795,0.2151714
558.7252341969037,0.801665,0.2397989
553.9852092175938,0.8090066,0.2992465
549.271653121675,0.8170897,0.3613648
544.5845154581343,0.8394588,0.4012514
539.9237454213475,0.8714378,0.4061155
535.2892918512665,0.9177065,0.3606275
530.6811032336304,1.007508,0.2857165
526.0991277001766,1.151866,0.2339488
521.5433130288818,1.340055,0.2477684
517.0136066442171,1.54692,0.2926218
512.5099556174135,1.786985,0.311798
508.0323066667611,2.129857,0.3116232
503.5806061579002,2.637392,0.2982311
499.1548001041572,3.403896,0.2813887
494.75483416687877,4.499679,0.2779537
490.3806536557905,5.978543,0.2724896
486.03220352937615,7.956925,0.2664656
481.70942839526913,10.39859,0.2417749
477.4122725106679,13.25049,0.2059158
473.14067978276375,16.50554,0.1924162
468.8945937691922,20.10003,0.1931861
464.673957678502,24.03109,0.2144486
460.4787143706379,28.09178,0.2186115
456.3088063574519,31.85541,0.2035146
452.164175803222,34.93351,0.2032054
448.0447645251983,36.78253,0.2048467
443.95051399416917,36.66079,0.2163941
439.8813653350368,33.97912,0.2284704
435.83725932742675,28.72332,0.2410717
431.81813640630287,21.74128,0.255529
427.823936662612,14.30931,0.2527707
423.8545998439473,7.882494,0.2608887
419.91006535522456,3.622306,0.2894799
415.99027225938954,1.586809,0.3003064
412.0951592781354,0.9007674,0.3010275
408.22466479264676,0.7409428,0.290824
404.37872684436593,0.6863722,0.2849126
400.5572831357716,0.6543939,0.2880675
396.7602710311882,0.6249613,0.2929049
392.98762755760896,0.6089663,0.313777
389.2392894055439,0.5858889,0.340185
385.51519292988917,0.5532968,0.3534563
381.8152741508148,0.5507765,0.3557547
378.13946875467826,0.5517884,0.3420065
374.48771209495476,0.5331415,0.32419
370.859939193195,0.5055331,0.324009
367.2560847400006,0.4802964,0.3407313
363.67608309602036,0.4464506,0.357642
360.1198682929773,0.4056093,0.3670299
356.58737403470593,0.3958874,0.3709498
353.078533698221,0.3942674,0.353584
349.59328033480733,0.3866364,0.3341618
346.13154667112457,0.3920243,0.3370084
342.6932651103503,0.4053434,0.3551451
339.2783677333286,0.426456,0.380053
335.88678629975436,0.4269321,0.4045369
332.51845224937585,0.4440452,0.4301764
329.17329670321874,0.4522054,0.4435689
325.85125046483927,0.4414054,0.43539
322.5522440215946,0.4144104,0.4307695
319.2762075459419,0.3979665,0.4420759
316.023070896758,0.3667822,0.4622646
312.792763620683,0.3510423,0.4846843
309.58521495349123,0.3174249,0.5050065
306.4003538214823,0.3232249,0.532439
303.23810884289855,0.3320563,0.5548554
300.09840832936675,0.3428077,0.5826604
296.9811802873618,0.3413825,0.6424831
293.88635241969854,0.3454381,0.7014396
290.81385212704794,0.3205789,0.7447872
287.7636065094737,0.3211881,0.7767403
284.73554236799856,0.3293265,0.7995615
281.7295862061926,0.3703833,0.8560546
278.74566423178936,0.4247325,0.9504989
275.7837023583238,0.4577825,1.082605
272.8436262067973,0.468653,1.249332
269.9253611073683,0.4722857,1.413784
267.02883210106813,0.4391938,1.607314
264.1539639415412,0.4058382,1.840154
261.30068109681247,0.3782916,2.155237
258.46890775107954,0.3545728,2.60889
255.6585678065303,0.3543422,3.211771
252.8695848851874,0.3629925,3.983163
250.10188233077866,0.3586006,4.958507
247.35538321063217,0.3539703,6.236622
244.6300103175985,0.347183,7.940697
241.92568617199967,0.3423591,10.27934
239.24233302360193,0.3556363,13.51137
236.57987285361926,0.3835447,17.83908
233.93822737673747,0.4046573,23.25542
231.3173180431699,0.4353151,29.38637
228.71706604073637,0.4658379,35.3757
226.13739229697035,0.5077186,40.25399
223.57821748125286,0.5687518,43.12321
221.03946200697067,0.6514348,43.63138
218.52104603370512,0.7642345,42.07398
216.0228894694444,0.9075517,39.23132
213.54491197282331,1.052204,36.22099
211.08703295539217,1.265381,33.80451
208.64917158391034,1.553145,32.39732
206.23124678266552,1.981202,32.41045
203.83317723582581,2.640438,33.92525
201.45488138981008,3.615207,37.0014
199.09627745569426,5.122335,41.95864
196.75728341163858,7.708499,49.38103
194.4378170053443,11.81554,59.82238
192.13779575653825,17.55227,74.76382
189.85713695948158,23.89953,97.21806
187.59575768551008,29.00714,132.9624
185.3535747855982,31.05572,190.3017
183.13050489295068,29.22473,274.0176
180.92646442562386,24.21329,376.4801
178.74136958917066,17.84338,474.1564
176.5751363793166,11.97005,531.6068
174.42768058465845,7.717654,521.8755
172.29891778939552,4.989367,442.4414
170.18876337608316,3.260251,318.1847
168.09713252841578,2.115629,189.4037
166.0239402340385,1.373983,90.02435
163.96910128738165,0.9330634,33.22587
161.9325302925276,0.6568177,11.17667
159.91414166610045,0.4788151,5.501254
157.91384964018405,0.3364963,4.745781
155.93156826526908,0.2478549,4.800427
153.9672114132237,0.2115829,4.297341
152.02069278029347,0.1897329,3.692345
150.09192589012815,0.17377,3.111594
148.18082409683294,0.1574584,2.618135
146.2873005880499,0.1333477,2.240061
144.41126838806318,0.1284922,1.977913
142.55264036093268,0.1537423,1.828156
140.71132921365358,0.1942327,1.753477
138.8872474993418,0.2198406,1.684194
137.08030762044737,0.2395665,1.613884
135.29042183199203,0.24787,1.533139
133.5175022448357,0.2459767,1.482596
131.76146082896625,0.2473583,1.429503
130.02220941681733,0.2644839,1.352901
128.29965970661124,0.2791696,1.308426
126.59372326572787,0.2880244,1.278256
124.90431153409892,0.2948457,1.246078
123.23133582762902,0.3047268,1.239328
121.57470734163994,0.2995187,1.26034
119.9343371543424,0.2843959,1.330642
118.31013623033184,0.2610949,1.420411
116.70201542411014,0.2415546,1.548348
115.10988548363083,0.2349523,1.713867
113.53365705386989,0.2370942,1.843383
111.97324068042175,0.2375745,1.950842
110.42854681311881,0.2432306,1.949102
108.89948580967523,0.2625885,1.831553
107.3859679393555,0.2752649,1.65176
105.8879033866656,0.2892041,1.455535
104.40520225506994,0.2961011,1.27554
102.93777457072963,0.2920215,1.142853
101.4855302862655,0.2762195,1.082295
100.0483792845441,0.260508,1.076815
98.62623138248529,0.2459227,1.061587
97.21899633489475,0.2193876,1.083566
95.82658383831735,0.1893128,1.109394
94.4489035349128,0.1653153,1.101692
93.08586501635435,0.1355334,1.059821
91.73737782774799,0.1125514,1.015868
90.40335147157447,0.1101604,0.9605334
89.08369541165179,0.108792,0.8905566
87.77831907711852,0.1076198,0.8451708
86.48713186643849,0.1207695,0.8420735
85.21004315142554,0.1549373,0.8252403
83.9469622812892,0.1738925,0.793487
82.6977985866988,0.1837539,0.7725325
81.46246138386884,0.1939857,0.7767617
80.24085997866294,0.2022135,0.7689242
79.03290367071617,0.2148362,0.7425795
77.83850175757742,0.2319876,0.7629362
76.65756353886948,0.2430358,0.7557847
75.48999832046682,0.2409609,0.7314528
74.3357154186918,0.2149944,0.7482474
73.19462416452785,0.1898887,0.7722034
72.06663390784975,0.1838043,0.7986389
70.95165402167078,0.1962961,0.7863517
69.84959390640586,0.2175426,0.777692
68.76036299415127,0.2274985,0.7884815
67.68387075297906,0.2407218,0.7702867
66.62002669124753,0.2599946,0.7751138
65.56874036192596,0.264132,0.7767301
64.52992136693399,0.295008,0.7610569
63.50347936149501,0.3426586,0.7423365
62.48932405850318,0.3735657,0.7276641
61.48736523290335,0.3660173,0.7051356
60.49751272608431,0.3545769,0.6771308
59.51967645028357,0.3558508,0.6523291
58.553766393004906,0.3665732,0.6134037
57.59969262144664,0.3864307,0.5661446
56.65736528694131,0.4249529,0.501466
55.72669462940545,0.4370855,0.4710468
54.807590981800175,0.4144328,0.4525911
53.89996477460041,0.3717239,0.4196929
53.003726540273625,0.3416976,0.4348167
52.11878691776756,0.3253522,0.4678554
51.24505665700524,0.3247865,0.4808816
50.38244662338826,0.3314655,0.4754389
49.53086780230661,0.340815,0.4511042
48.69023130365556,0.3281782,0.4281798
47.86044836635803,0.3109956,0.3720493
47.04143036289289,0.3019711,0.3325693
46.23308880382793,0.3039937,0.3194551
45.43533534235744,0.2975164,0.3146522
44.64808177884282,0.2869144,0.3129412
43.87124006535791,0.2620296,0.2960123
43.10472231023569,0.2659613,0.2863675
42.34844078261746,0.2640815,0.2788631
41.60230791700385,0.2570059,0.2555551
40.866236317806255,0.240545,0.2232867
40.14013876389891,0.2222244,0.1957074
39.42392821317054,0.1937496,0.1853241
38.717517807075026,0.1752382,0.182917
38.02082087518059,0.1681091,0.171821
37.33375093971671,0.1736849,0.1736223
36.656221720118346,0.1708427,0.146034
35.988147137566685,0.1842799,0.1354756
35.32944131952535,0.2381471,0.1468226
34.68001860427259,0.2817011,0.2209132
34.039793545427074,0.4161476,0.4016677
33.40868091646846,0.6465616,0.6839515
32.78659571525052,1.113431,1.140856
32.17345316850693,1.860403,1.939179
31.569168736349106,3.011402,3.055374
30.97365811675454,4.629883,4.659238
30.386837250046227,6.701861,6.67569
29.808622323361444,9.254753,9.089119
29.238929775109256,12.39535,11.93108
28.67767629941672,15.8996,14.93766
28.124778850562116,19.25866,17.75344
27.580154647395275,21.10922,19.51215
27.043721177743958,20.42802,19.14581
26.515396202804997,17.0134,16.462
25.99509776152057,11.81896,11.99846
25.482744174937686,6.451885,7.082198
24.978254050551165,2.415721,3.126293
24.48154628662827,0.358502,0.7654005
23.992540076515283,-0.1232592,-0.009711814
23.51115491292423,-0.1056363,-0.06093741
23.037310592199837,-0.06590454,-0.007419194
22.570927218565448,-0.07799368,-0.01124799
22.111925208347134,-0.08130906,-0.02041418
21.660225294175305,-0.06084288,-0.004401033
21.215748529163026,-0.03287955,0.05216135
20.77841629106004,-0.009934025,0.1061028
20.34815028638205,-0.01064301,0.1246582
19.924872554514142,-0.01636376,0.09042651
19.508505471787444,-0.02278002,0.06656449
19.09897175552854,-0.01950275,0.01947845
18.696194468080584,-0.02929282,-0.01304807
18.30009702079535,-0.02487115,-0.01041985
17.91060317799532,-0.04053689,-0.01519872
17.527637060905086,-0.07005506,0.008053825
17.151123151551104,-0.08215152,0.003618983
16.780986296628967,-0.07602526,0.007323492
16.417151711337638,-0.0834533,0.03114706
16.059544983179332,-0.07260434,0.03540368
15.708092075724558,-0.06663884,0.04891858
15.36271933234133,-0.04686086,0.0529613
15.0233534798876,-0.05163353,0.06156351
14.689921632366575,-0.0421524,0.06029361
14.3623512945432,-0.0252864,0.05390696
14.040570365521804,-0.006716862,0.05088917
13.72450714228352,0.003671203,0.04941741
13.414090323182922,-0.0008099751,0.06053063
13.109249011402765,-0.01922377,0.05833027
12.809912718366439,-0.03234313,0.03650235
12.516011367106573,-0.03919498,0.008844164
12.227475295589814,-0.02228097,-0.0005691899
11.944235259996065,-0.01541724,0.0198368
11.666222437952113,-0.01322356,0.02939807
11.393368431718299,-0.0006834356,0.01998486
11.12560527132754,-0.0005333399,-0.004649101
10.862865417675994,0.003525672,-0.04840554
10.60508176556426,-0.004811185,-0.07170527
10.352187646688737,-0.03230972,-0.07215047
10.104116832581793,-0.05296083,-0.04720548
9.860803537500336,-0.0642556,-0.03086583
9.622182421261746,-0.06243902,-0.02310424
9.388188592026426,-0.06208141,-0.007051744
9.1587576090263,-0.05950934,0.00290653
8.93382548523826,-0.06439614,0.01134859
8.71332869000182,-0.06811544,0.0006181889
8.497204151580313,-0.05763138,-0.006797208
8.285389259664711,-0.0385115,-0.0234886
8.07782186781948,-0.02515079,-0.02583177
7.874440295869441,-0.02450137,-0.05115237
7.675183332227111,-0.03687277,-0.06313056
7.479990236159768,-0.03781562,-0.0834498
7.2888007399952555,-0.04037789,-0.08333042
7.101555051266252,-0.03214264,-0.08377834
6.918193854791766,0.001886878,-0.0548384
6.738658314695588,0.01851238,-0.03746011
6.562890076360736,0.01522357,-0.03216411
6.390831268319279,0.005470497,-0.03997261
6.222424504076977,-0.0167735,-0.027886
6.057612883871913,-0.01778062,-0.02367508
5.896339996366505,-0.0062277,0.001904176
5.738549920272377,0.009056874,0.01934795
5.584187225907255,0.03469341,0.04192098
5.4331969766835835,0.03049772,0.05200621
5.285524730527864,0.01733185,0.04622314
5.141116541230519,0.02145832,0.04155675
4.999918959725466,0.01889503,0.01586829
4.861879035298897,0.009440794,0.01242245
4.726944316726878,-0.002052307,0.02662574
4.5950628533409885,-0.01065662,0.0324897
4.4661831960216904,-0.02040198,0.02361703
4.340254398118917,-0.04156673,0.005189316
4.217226016299288,-0.04310913,-0.02502226
4.097048111319674,-0.02283395,-0.05947199
3.979671248726542,-0.01430971,-0.09574221
3.865046499480687,-0.01544303,-0.08878645
3.7531254405070436,-0.02347333,-0.0791582
3.6438601551690457,-0.03288598,-0.07315529
3.537203233667391,-0.0345557,-0.06687617
3.4331077733626074,-0.03438914,-0.05037521
3.3315273790213507,-0.03632843,-0.03435439
3.2324161629859924,-0.04397131,-0.02945879
3.1357287452672584,-0.06943101,-0.005816521
3.041420253559721,-0.0958725,0.02958699
2.9494463231798203,-0.1038195,0.03272546
2.859763096926324,-0.0942529,0.02567893
2.772327224862912,-0.06706141,-0.00514717
2.6870958640228477,-0.04573244,-0.03263078
2.6040266780355643,-0.04782651,-0.07342422
2.5230778366750086,-0.05612877,-0.1043374
2.4442080153297074,-0.06115367,-0.09425256
2.367376394394531,-0.05851844,-0.06335918
2.2925426585839896,-0.05287551,-0.03684969
2.2196669961672555,-0.05728785,-0.02178091
2.1487100981247194,-0.03851215,-0.04475382
2.079633157226304,-0.01720084,-0.07356744
2.0123978670314835,-0.004354328,-0.1070593
1.9469664208111714,0.007280638,-0.1161019
1.8833015103916217,0.001191711,-0.1158141
1.8213663249204404,-0.0222954,-0.1014673
1.7611245495549326,-0.04049403,-0.07383825
1.7025403640730157,-0.06218719,-0.07652564
1.6455784414068784,-0.06218719,-0.08624268
1.5902039460997441,-0.06218719,-0.08624268
